﻿{
    "version": 3,
  "configurePresets": [
    {
      "name": "linux-debug",
      "displayName": "Linux Debug",
      "generator": "Ninja",
      "binaryDir": "${sourceDir}/out/build/${presetName}",
      "installDir": "${sourceDir}/out/install/${presetName}",
      "cacheVariables": {
        "CMAKE_BUILD_TYPE": "Debug"
      },
      "condition": {
        "type": "equals",
        "lhs": "${hostSystemName}",
        "rhs": "Linux"
      },
      "vendor": {
        "microsoft.com/VisualStudioRemoteSettings/CMake/1.0": {
          "sourceDir": "$env{HOME}/nb22/samples.c++/$ms{projectDirName}",
          "copySourcesOptions": {
            "exclusionList": [ ".vs", ".git", "out", ".svn", "x64", "Debug", "Release", "obj", "bin", "*.nb*", "*.sln", "*.v*" ]
          }
        }
      }
    },
    {
      "name": "linux-release",
      "displayName": "Linux Release",
      "generator": "Ninja",
      "binaryDir": "${sourceDir}/out/build/${presetName}",
      "installDir": "${sourceDir}/out/install/${presetName}",
      "cacheVariables": {
        "CMAKE_BUILD_TYPE": "Release"
      },
      "condition": {
        "type": "equals",
        "lhs": "${hostSystemName}",
        "rhs": "Linux"
      },
      "copySourcesOptions": {
        "exclusionList": [ ".vs", ".git", "out", "x64", "~", "obj", "bin", "*.nb*", "*.sln", "*.v*" ]
      },
      "vendor": {
        "microsoft.com/VisualStudioRemoteSettings/CMake/1.0": {
          "sourceDir": "$env{HOME}/nb22/samples.c++/$ms{projectDirName}",
          "copySourcesOptions": {
            "exclusionList": [ ".vs", ".git", "out", ".svn", "x64", "Debug", "Release", "obj", "bin", "*.nb*", "*.sln", "*.v*" ]
          }
        }
      }
    }
  ]
}
